gesture,count,proportion,ppl_mean
79,42367,0.348584828040151,2.96898216989706
71,20540,0.168997860786572,6.05749919591044
70,20354,0.167467500411387,6.25266778999306
0,17003,0.139896330426197,12.2483348734174
80,9264,0.0762218199769623,13.9893239600601
76,2762,0.0227250287971038,51.5780318399807
